{
    "loss": 0.37401559948921204,
    "accuracy": 0.9482758641242981
}