{
    "loss": 0.34291350841522217,
    "accuracy": 0.9137930870056152
}